frame,time_sec,x,y,z,Lp_dB
0,0.0,-0.020000000000000018,0.15999999999999998,0.3,77.79530746509931
1,0.032,-0.020000000000000018,0.15999999999999998,0.3,76.27675259581804
2,0.064,-0.020000000000000018,0.14,0.3,70.05691289303553
3,0.096,0.15999999999999998,0.19,0.3,73.51932730951012
4,0.128,-0.010000000000000009,0.12,0.3,71.26695057601607
5,0.16,-0.010000000000000009,0.15000000000000002,0.3,74.68626304555045
6,0.192,0.15999999999999998,0.19,0.3,73.39701580150181
7,0.224,-0.010000000000000009,0.13,0.3,72.31977543297995
8,0.256,0.15999999999999998,0.2,0.3,73.37067119584073
9,0.288,0.16999999999999998,0.08000000000000002,0.3,65.99803622255234
10,0.32,0.18,-0.16,0.3,65.44351834940757
11,0.352,-0.2,-0.2,0.3,66.30572873535283
12,0.384,0.009999999999999981,0.09999999999999998,0.3,72.56806835997806
13,0.416,0.009999999999999981,0.08999999999999997,0.3,70.44584964989043
14,0.448,-0.17,0.18,0.3,69.33513630578315
15,0.48,0.19,-0.010000000000000009,0.3,68.50512737167296
16,0.512,0.01999999999999999,-0.03,0.3,65.43404241306959
17,0.544,-0.14,-0.010000000000000009,0.3,69.00707741330135
18,0.576,-0.03,-0.05000000000000002,0.3,67.18676781964929
19,0.608,0.09999999999999998,-0.06,0.3,65.8871796365112
20,0.64,0.01999999999999999,0.01999999999999999,0.3,66.47633460388654
21,0.672,-0.03,-0.11000000000000001,0.3,66.4379368550787
22,0.704,-0.06,-0.18000000000000002,0.3,67.0504822432772
23,0.736,-0.07,-0.17,0.3,67.78595184621801
24,0.768,-0.020000000000000018,-0.12000000000000001,0.3,67.46057325540406
25,0.8,-0.07,-0.19,0.3,73.70606900015704
26,0.832,-0.07,0.2,0.3,72.02401051754396
27,0.864,-0.07,0.16999999999999998,0.3,69.97703510324068
28,0.896,-0.010000000000000009,-0.16,0.3,68.07953501873325
29,0.928,-0.03,0.2,0.3,68.35910772520272
30,0.96,0.2,0.16999999999999998,0.3,68.36443068747901
31,0.992,-0.020000000000000018,0.2,0.3,71.75776068882583
32,1.024,-0.03,-0.17,0.3,67.17792802544096
33,1.056,0.01999999999999999,-0.18000000000000002,0.3,66.6191497896108
34,1.088,0.0,-0.16,0.3,67.76944426731797
35,1.12,0.08000000000000002,0.07,0.3,66.50948030903633
36,1.152,-0.010000000000000009,0.19,0.3,66.32567969088622
37,1.184,-0.03,0.2,0.3,66.92022567406747
38,1.216,0.16999999999999998,-0.05000000000000002,0.3,66.09743012023472
39,1.248,-0.04000000000000001,0.15000000000000002,0.3,65.84809343183251
40,1.28,-0.010000000000000009,-0.19,0.3,81.22605552541995
41,1.312,-0.010000000000000009,-0.19,0.3,84.83870570440489
42,1.344,0.2,0.19,0.3,82.9062549715713
43,1.376,-0.07,0.15999999999999998,0.3,78.71322554507819
44,1.408,-0.07,0.15999999999999998,0.3,77.43540077064796
45,1.44,-0.07,0.16999999999999998,0.3,83.00373046424627
46,1.472,-0.06,0.19,0.3,68.28456065683888
47,1.504,0.03,0.06,0.3,65.79580678382828
48,1.536,-0.14,-0.19,0.3,65.85820025861379
49,1.568,0.13,-0.2,0.3,66.24830270003118
50,1.6,0.08999999999999997,0.16999999999999998,0.3,68.26035545826781
51,1.632,-0.15000000000000002,-0.19,0.3,65.86931660562983
52,1.664,0.08000000000000002,-0.04000000000000001,0.3,65.4586094497286
53,1.696,-0.11000000000000001,0.18,0.3,65.8040358282172
54,1.728,0.0,-0.03,0.3,69.34659232762284
55,1.76,0.01999999999999999,0.0,0.3,65.82759372691038
56,1.792,-0.17,0.16999999999999998,0.3,65.36751798979495
57,1.824,-0.2,0.009999999999999981,0.3,65.98290378319558
58,1.856,-0.020000000000000018,0.08999999999999997,0.3,72.03919193989607
59,1.888,-0.05000000000000002,-0.15000000000000002,0.3,66.69569221036097
60,1.92,-0.010000000000000009,0.10999999999999999,0.3,67.68269082162071
61,1.952,-0.03,0.10999999999999999,0.3,70.3358218441721
62,1.984,-0.03,0.10999999999999999,0.3,79.28179135331293
63,2.016,-0.020000000000000018,0.14,0.3,74.09140975696472
64,2.048,-0.04000000000000001,0.08000000000000002,0.3,79.92485144904911
65,2.08,-0.18000000000000002,-0.2,0.3,67.67304877987884
66,2.112,-0.03,0.03999999999999998,0.3,66.91361777537284
67,2.144,-0.03,0.12,0.3,80.84540832662567
68,2.176,-0.020000000000000018,0.15999999999999998,0.3,67.80815769509205
69,2.208,-0.010000000000000009,0.16999999999999998,0.3,68.8258594943345
70,2.24,-0.2,0.15999999999999998,0.3,66.1684602146405
71,2.272,0.04999999999999999,0.03999999999999998,0.3,66.30976658783638
72,2.304,-0.07,0.07,0.3,65.89542247335098
73,2.336,-0.2,-0.03,0.3,65.89666723719964
74,2.368,-0.03,0.16999999999999998,0.3,68.39942179078199
75,2.4,-0.19,0.13,0.3,66.32699820421088
76,2.432,0.01999999999999999,0.18,0.3,66.5034172080678
77,2.464,-0.010000000000000009,0.14,0.3,69.03165825701196
78,2.496,-0.03,0.09999999999999998,0.3,71.92261885219463
79,2.528,0.09999999999999998,0.08000000000000002,0.3,66.21900199125068
80,2.56,-0.03,0.09999999999999998,0.3,69.54960907223905
81,2.592,-0.04000000000000001,0.07,0.3,70.23772371830188
82,2.624,-0.010000000000000009,0.15000000000000002,0.3,72.02572840829316
83,2.656,-0.03,0.09999999999999998,0.3,72.71349584148338
84,2.688,0.09999999999999998,-0.2,0.3,66.23222391005869
85,2.72,-0.08000000000000002,0.08999999999999997,0.3,65.96895641277126
86,2.752,0.15999999999999998,0.16999999999999998,0.3,65.94403104520136
87,2.784,0.10999999999999999,0.09999999999999998,0.3,66.22871378679663
88,2.816,-0.2,0.15999999999999998,0.3,67.63958242939344
89,2.848,-0.19,-0.06,0.3,65.68957008958266
90,2.88,-0.03,-0.07,0.3,65.36030488004448
91,2.912,0.08000000000000002,-0.06,0.3,66.32636510057667
92,2.944,-0.09000000000000001,-0.17,0.3,69.00111894888012
93,2.976,-0.1,-0.17,0.3,66.8860563799569
94,3.008,-0.020000000000000018,-0.14,0.3,67.45304894837182
95,3.04,0.04999999999999999,0.12,0.3,67.31611438423477
96,3.072,-0.13,-0.2,0.3,66.91436478735933
97,3.104,-0.16,-0.2,0.3,68.12231825410458
98,3.136,-0.06,0.0,0.3,65.2209691331654
99,3.168,-0.07,-0.03,0.3,65.15773036486962
100,3.2,0.18,-0.2,0.3,66.11143775731885
101,3.232,0.2,0.15999999999999998,0.3,68.25056786590493
102,3.264,0.15000000000000002,-0.020000000000000018,0.3,64.67689658089643
103,3.296,-0.2,0.16999999999999998,0.3,66.03764776243867
104,3.328,0.08999999999999997,0.13,0.3,65.3555665815085
105,3.36,-0.15000000000000002,-0.14,0.3,65.75318208440804
106,3.392,0.08000000000000002,0.15999999999999998,0.3,67.44619509045913
107,3.424,-0.1,0.08999999999999997,0.3,66.90892017502877
108,3.456,-0.18000000000000002,0.13,0.3,66.75687473427053
109,3.488,0.07,0.12,0.3,66.316868246103
110,3.52,-0.05000000000000002,-0.1,0.3,66.85933792370416
111,3.552,0.12,-0.03,0.3,65.68478843377936
112,3.584,-0.1,0.09999999999999998,0.3,65.65711701564797
113,3.616,0.04999999999999999,-0.13,0.3,66.5500946445669
114,3.648,0.15999999999999998,-0.2,0.3,65.42853688293799
115,3.68,-0.12000000000000001,-0.14,0.3,66.90525919659352
116,3.712,-0.07,0.07,0.3,70.44879566988992
117,3.744,-0.07,0.07,0.3,69.45142670143467
118,3.776,-0.07,0.07,0.3,69.17763701116967
119,3.808,-0.08000000000000002,0.07,0.3,71.41845986403104
120,3.84,-0.08000000000000002,0.07,0.3,74.32962443586956
121,3.872,-0.07,0.08000000000000002,0.3,66.43842253631318
122,3.904,-0.19,0.12,0.3,67.13290160066593
123,3.936,-0.2,0.15999999999999998,0.3,68.42396000522389
124,3.968,0.2,0.15000000000000002,0.3,68.78097431822535
125,4.0,0.2,0.2,0.3,67.10468108077465
126,4.032,0.2,-0.16,0.3,66.55674678268939
127,4.064,-0.08000000000000002,-0.2,0.3,65.50465106361975
128,4.096,-0.12000000000000001,-0.06,0.3,65.12995617804185
129,4.128,-0.2,-0.16,0.3,65.61899155034095
130,4.16,-0.17,-0.09000000000000001,0.3,65.84376982360956
131,4.192,-0.15000000000000002,-0.08000000000000002,0.3,66.60411942208275
132,4.224,0.2,0.13,0.3,66.73260076155424
133,4.256,0.03999999999999998,0.15000000000000002,0.3,65.93354778935739
134,4.288,-0.11000000000000001,-0.08000000000000002,0.3,67.56364707713217
135,4.32,-0.2,0.0,0.3,68.06140610766072
136,4.352,-0.19,0.009999999999999981,0.3,88.7919164789733
137,4.384,-0.2,0.009999999999999981,0.3,75.12699185655391
138,4.416,-0.18000000000000002,0.03,0.3,70.95195281814642
139,4.448,-0.2,0.009999999999999981,0.3,68.97873065561716
140,4.48,0.2,0.15999999999999998,0.3,66.03748156672233
141,4.512,0.06,-0.11000000000000001,0.3,64.98172990414506
142,4.544,-0.1,-0.17,0.3,65.20947934878214
143,4.576,-0.17,0.03999999999999998,0.3,66.22985144782498
144,4.608,0.2,0.01999999999999999,0.3,71.15040586201216
145,4.64,-0.09000000000000001,-0.04000000000000001,0.3,65.53093965920486
146,4.672,0.04999999999999999,-0.16,0.3,66.03471830770249
147,4.704,0.009999999999999981,0.10999999999999999,0.3,65.4454103293909
148,4.736,-0.19,0.03999999999999998,0.3,69.53609859279427
149,4.768,0.06,-0.09000000000000001,0.3,66.65174522980679
150,4.8,-0.18000000000000002,0.04999999999999999,0.3,72.04934847610144
151,4.832,-0.15000000000000002,0.009999999999999981,0.3,68.05049885557689
152,4.864,0.07,0.06,0.3,65.90834478354046
153,4.896,0.13,0.19,0.3,65.5162660862999
154,4.928,0.04999999999999999,0.08999999999999997,0.3,65.77128330749711
155,4.96,0.0,0.01999999999999999,0.3,65.05408417980189
156,4.992,0.2,0.03999999999999998,0.3,67.3465974717631
157,5.024,-0.19,0.03,0.3,71.10480708534165
158,5.056,-0.18000000000000002,0.03,0.3,76.10646859842659
159,5.088,-0.020000000000000018,-0.08000000000000002,0.3,65.62642318668296
160,5.12,0.07,0.06,0.3,65.91739243166526
161,5.152,0.07,0.10999999999999999,0.3,65.91552691392346
162,5.184,-0.12000000000000001,-0.04000000000000001,0.3,70.0214020581117
163,5.216,-0.03,0.009999999999999981,0.3,65.95796521450937
164,5.248,0.10999999999999999,0.04999999999999999,0.3,66.10993624467429
165,5.28,-0.07,-0.12000000000000001,0.3,66.96226945600213
166,5.312,-0.15000000000000002,-0.010000000000000009,0.3,65.15961913046722
167,5.344,-0.1,-0.07,0.3,68.47937336706467
168,5.376,-0.04000000000000001,0.03,0.3,65.4161458991328
169,5.408,0.10999999999999999,0.14,0.3,65.62879612041216
170,5.44,0.04999999999999999,0.06,0.3,66.30260693956214
171,5.472,-0.13,-0.17,0.3,66.30949926755437
172,5.504,-0.12000000000000001,-0.17,0.3,73.56528070558868
173,5.536,0.13,0.01999999999999999,0.3,66.08414163754543
174,5.568,-0.05000000000000002,0.15000000000000002,0.3,64.77107929229125
175,5.6,-0.12000000000000001,-0.09000000000000001,0.3,66.13584052908544
176,5.632,-0.16,0.16999999999999998,0.3,71.01208239431992
177,5.664,-0.16,0.16999999999999998,0.3,73.03018460076751
178,5.696,-0.16,0.14,0.3,67.63727003905966
179,5.728,-0.14,0.14,0.3,66.83515233575574
180,5.76,0.16999999999999998,-0.11000000000000001,0.3,65.86857246555806
181,5.792,-0.17,0.15999999999999998,0.3,66.3348129228101
182,5.824,-0.13,0.19,0.3,70.15142977137612
183,5.856,-0.06,0.12,0.3,67.3367090513996
184,5.888,-0.09000000000000001,0.06,0.3,66.57564948455799
185,5.92,-0.03,-0.020000000000000018,0.3,65.90005602529804
186,5.952,-0.12000000000000001,0.2,0.3,72.14476262380563
187,5.984,-0.12000000000000001,-0.2,0.3,80.32384750464915
188,6.016,-0.13,0.2,0.3,75.96997152296994
189,6.048,-0.11000000000000001,-0.2,0.3,77.93348481533555
190,6.08,-0.12000000000000001,-0.2,0.3,69.27739384612298
191,6.112,0.01999999999999999,-0.14,0.3,66.73365267366871
192,6.144,0.01999999999999999,-0.16,0.3,66.05100455207999
193,6.176,-0.1,-0.13,0.3,65.53039887974188
194,6.208,-0.1,-0.020000000000000018,0.3,66.94387305824934
195,6.24,-0.09000000000000001,0.12,0.3,77.06828340460154
196,6.272,-0.08000000000000002,0.10999999999999999,0.3,67.30129359664804
197,6.304,-0.09000000000000001,-0.12000000000000001,0.3,65.72901460240226
198,6.336,0.06,-0.1,0.3,65.02979209836586
199,6.368,-0.020000000000000018,0.0,0.3,64.86025816405868
200,6.4,0.01999999999999999,-0.14,0.3,67.85254039192898
201,6.432,0.03,0.07,0.3,66.71049513237696
202,6.464,-0.16,-0.17,0.3,68.26385104917
203,6.496,-0.16,0.08000000000000002,0.3,66.23466541537654
204,6.528,-0.19,-0.11000000000000001,0.3,65.74514775474543
205,6.56,0.09999999999999998,0.09999999999999998,0.3,66.38659036475148
206,6.592,0.07,-0.06,0.3,65.44065128625579
207,6.624,-0.19,0.01999999999999999,0.3,70.08350579845313
208,6.656,-0.04000000000000001,0.06,0.3,69.929205013684
209,6.688,-0.05000000000000002,0.08000000000000002,0.3,76.48536411091041
210,6.72,0.12,0.15999999999999998,0.3,68.57745781240881
211,6.752,-0.05000000000000002,0.15000000000000002,0.3,82.72027148317491
212,6.784,-0.15000000000000002,-0.13,0.3,66.81184097409712
213,6.816,0.07,0.08000000000000002,0.3,73.99549068843618
214,6.848,0.08000000000000002,0.06,0.3,68.70899750028124
215,6.88,-0.11000000000000001,-0.2,0.3,66.18226242509144
216,6.912,0.10999999999999999,-0.06,0.3,65.46336436916862
217,6.944,-0.09000000000000001,-0.18000000000000002,0.3,66.02772586477094
218,6.976,0.06,0.01999999999999999,0.3,65.91834053154022
219,7.008,-0.06,0.2,0.3,66.7543968759964
220,7.04,0.10999999999999999,-0.03,0.3,66.08532836668388
221,7.072,0.16999999999999998,-0.06,0.3,65.87789735119436
222,7.104,-0.010000000000000009,-0.07,0.3,65.8809560235837
223,7.136,0.08000000000000002,0.08999999999999997,0.3,78.63055220009117
224,7.168,0.07,0.09999999999999998,0.3,74.40842640392874
225,7.2,-0.020000000000000018,-0.16,0.3,65.5864911246228
226,7.232,-0.15000000000000002,0.01999999999999999,0.3,65.22419055596528
227,7.264,0.2,-0.1,0.3,66.32621404866036
228,7.296,0.07,0.08999999999999997,0.3,66.39722657107032
229,7.328,0.06,0.03,0.3,65.55491466927498
230,7.36,0.15999999999999998,-0.16,0.3,65.52524849734814
231,7.392,0.03999999999999998,0.07,0.3,66.85634693256142
232,7.424,0.04999999999999999,0.06,0.3,67.97506945257675
233,7.456,0.06,0.08999999999999997,0.3,72.2038581741594
234,7.488,0.06,0.08999999999999997,0.3,67.3076751943866
235,7.52,0.07,0.04999999999999999,0.3,66.85533819227462
236,7.552,0.07,0.03,0.3,67.5162163856628
237,7.584,-0.05000000000000002,0.09999999999999998,0.3,70.67067834237685
238,7.616,-0.06,-0.020000000000000018,0.3,71.07878170231623
239,7.648,-0.05000000000000002,0.04999999999999999,0.3,70.74297107502812
240,7.68,0.2,0.01999999999999999,0.3,68.72900876757244
241,7.712,-0.07,-0.11000000000000001,0.3,68.92601693428917
242,7.744,-0.15000000000000002,-0.12000000000000001,0.3,66.61394691855064
243,7.776,-0.06,0.04999999999999999,0.3,65.45135686577358
244,7.808,-0.12000000000000001,0.08999999999999997,0.3,66.16850583034555
245,7.84,-0.2,-0.06,0.3,65.25605448896839
246,7.872,-0.18000000000000002,0.15999999999999998,0.3,65.43937307375265
247,7.904,0.03,0.18,0.3,65.33738401275103
248,7.936,-0.06,0.03999999999999998,0.3,65.87187755758883
249,7.968,0.03999999999999998,0.12,0.3,65.45597290028846
250,8.0,0.07,0.04999999999999999,0.3,66.02646596030674
251,8.032,-0.03,0.2,0.3,79.53906017604312
252,8.064,-0.020000000000000018,0.2,0.3,76.07372446658896
253,8.096,-0.020000000000000018,-0.17,0.3,67.27914395578397
254,8.128,-0.15000000000000002,-0.04000000000000001,0.3,66.71537933079637
255,8.16,0.07,0.13,0.3,68.9280447043469
256,8.192,0.06,0.13,0.3,68.43784755283986
257,8.224,0.13,-0.07,0.3,67.4722389722566
258,8.256,0.15000000000000002,-0.2,0.3,69.2025118606016
259,8.288,-0.2,-0.16,0.3,67.00428956642196
260,8.32,-0.19,-0.12000000000000001,0.3,67.46137552003127
261,8.352,0.09999999999999998,0.15000000000000002,0.3,66.95978820989691
262,8.384,0.14,-0.04000000000000001,0.3,65.75324064172881
263,8.416,-0.15000000000000002,-0.07,0.3,65.517634620538
264,8.448,-0.020000000000000018,0.12,0.3,71.47501429710167
265,8.48,-0.020000000000000018,0.15000000000000002,0.3,74.97425605092997
266,8.512,0.07,0.08999999999999997,0.3,74.62583716762343
267,8.544,0.08000000000000002,0.10999999999999999,0.3,68.1578698804462
268,8.576,0.06,0.12,0.3,66.28264919977481
269,8.608,-0.06,0.08999999999999997,0.3,65.15860565761949
270,8.64,-0.07,-0.15000000000000002,0.3,70.50530570003168
271,8.672,0.04999999999999999,-0.06,0.3,66.06561699612334
272,8.704,0.08000000000000002,-0.15000000000000002,0.3,65.81937059845416
273,8.736,0.08000000000000002,-0.11000000000000001,0.3,67.25722565639248
274,8.768,-0.03,0.07,0.3,65.93968969717125
275,8.8,-0.04000000000000001,-0.14,0.3,67.37239137819667
276,8.832,-0.08000000000000002,0.04999999999999999,0.3,66.99238321663616
277,8.864,0.08999999999999997,0.18,0.3,66.9897493455895
278,8.896,-0.04000000000000001,0.12,0.3,65.65250473464627
279,8.928,-0.07,-0.18000000000000002,0.3,72.30736772038827
280,8.96,-0.05000000000000002,-0.17,0.3,70.27975765809265
281,8.992,-0.08000000000000002,-0.14,0.3,67.35088307242839
282,9.024,0.07,0.13,0.3,66.2109219541349
283,9.056,0.09999999999999998,-0.2,0.3,65.52990416904936
284,9.088,0.08000000000000002,-0.1,0.3,68.62490534000767
285,9.12,0.06,-0.16,0.3,67.1191012053926
286,9.152,0.03,0.04999999999999999,0.3,65.36350843916898
287,9.184,0.10999999999999999,0.08000000000000002,0.3,66.35993642647365
288,9.216,-0.12000000000000001,0.08999999999999997,0.3,66.51672584584725
289,9.248,-0.010000000000000009,0.2,0.3,65.78085092790987
290,9.28,-0.18000000000000002,-0.03,0.3,65.31439560228037
291,9.312,0.14,0.07,0.3,65.35023404083
292,9.344,0.03,0.01999999999999999,0.3,67.57890430857859
293,9.376,-0.06,-0.11000000000000001,0.3,68.15472024403964
294,9.408,0.03999999999999998,-0.12000000000000001,0.3,66.48030311985488
295,9.44,0.09999999999999998,0.04999999999999999,0.3,65.53862256781197
296,9.472,0.13,0.12,0.3,66.3089377007383
297,9.504,0.08000000000000002,0.14,0.3,65.52932109659176
298,9.536,-0.11000000000000001,-0.15000000000000002,0.3,65.69679741951667
299,9.568,0.14,0.15000000000000002,0.3,67.1435993472546
300,9.6,-0.09000000000000001,-0.15000000000000002,0.3,66.21392717605333
301,9.632,0.0,-0.19,0.3,66.30299674997828
302,9.664,0.09999999999999998,0.13,0.3,66.47894747964641
303,9.696,-0.03,0.09999999999999998,0.3,66.1818581081651
304,9.728,0.10999999999999999,0.04999999999999999,0.3,65.71937721547913
305,9.76,-0.11000000000000001,0.09999999999999998,0.3,65.23504426290026
306,9.792,0.15000000000000002,0.09999999999999998,0.3,66.168370008004
307,9.824,0.12,0.07,0.3,66.03146548524069
308,9.856,0.08000000000000002,-0.11000000000000001,0.3,66.68044569799332
309,9.888,0.08000000000000002,-0.07,0.3,65.8168386823977
310,9.92,0.07,-0.08000000000000002,0.3,66.19385578847675
311,9.952,-0.08000000000000002,0.0,0.3,66.68864782778715
312,9.984,0.13,-0.2,0.3,71.01778816459944
313,10.016,0.14,-0.2,0.3,68.91589196560956
314,10.048,0.09999999999999998,-0.09000000000000001,0.3,66.13278520096505
315,10.08,-0.07,0.12,0.3,65.16001449765064
316,10.112,-0.1,0.0,0.3,65.18978240649838
317,10.144,0.08000000000000002,0.01999999999999999,0.3,65.97374190960917
318,10.176,-0.08000000000000002,-0.020000000000000018,0.3,66.59922225825846
319,10.208,0.04999999999999999,0.009999999999999981,0.3,65.44081608711804
320,10.24,0.08000000000000002,-0.07,0.3,65.74095702596493
321,10.272,0.009999999999999981,0.04999999999999999,0.3,65.65965424518134
322,10.304,-0.07,0.13,0.3,65.68427383188953
323,10.336,-0.08000000000000002,0.01999999999999999,0.3,64.79522138908797
324,10.368,0.13,-0.08000000000000002,0.3,65.48651293214276
325,10.4,0.0,-0.12000000000000001,0.3,65.55431704313312
326,10.432,-0.05000000000000002,-0.16,0.3,67.19697831030041
327,10.464,-0.17,-0.17,0.3,65.53855224742749
328,10.496,-0.2,0.15000000000000002,0.3,66.26135985731798
329,10.528,0.009999999999999981,0.03999999999999998,0.3,65.34982009019978
330,10.56,-0.04000000000000001,-0.15000000000000002,0.3,65.80639255958994
331,10.592,-0.05000000000000002,0.14,0.3,66.7349286902236
332,10.624,-0.020000000000000018,0.16999999999999998,0.3,66.26356267573942
333,10.656,-0.14,0.19,0.3,65.8260874872615
334,10.688,0.06,0.09999999999999998,0.3,66.81404033947659
335,10.72,-0.010000000000000009,-0.010000000000000009,0.3,66.10049552788267
336,10.752,0.03999999999999998,0.10999999999999999,0.3,65.86814010380506
337,10.784,0.10999999999999999,0.06,0.3,65.75417824981231
338,10.816,0.15000000000000002,-0.17,0.3,65.63887391558039
339,10.848,0.15999999999999998,0.07,0.3,65.73159673210414
340,10.88,-0.19,0.01999999999999999,0.3,71.79405491452799
341,10.912,-0.18000000000000002,0.01999999999999999,0.3,74.48868378426315
342,10.944,-0.020000000000000018,-0.03,0.3,71.06088623849955
343,10.976,-0.04000000000000001,-0.03,0.3,67.75108342559923
344,11.008,0.08999999999999997,-0.06,0.3,74.8422450818319
345,11.04,-0.2,-0.1,0.3,69.72021307125645
346,11.072,0.19,-0.19,0.3,66.71722906953285
347,11.104,-0.07,-0.020000000000000018,0.3,65.76197939092764
348,11.136,0.009999999999999981,0.08999999999999997,0.3,64.97924767514492
349,11.168,0.08999999999999997,-0.13,0.3,65.04485727908877
350,11.2,-0.07,0.2,0.3,65.88324356445361
351,11.232,0.2,0.14,0.3,65.08475215256188
352,11.264,-0.07,0.2,0.3,65.46102122933915
353,11.296,-0.15000000000000002,0.2,0.3,64.88684534767211
354,11.328,-0.15000000000000002,0.08000000000000002,0.3,65.73549424052602
355,11.36,-0.11000000000000001,0.19,0.3,65.00249889818319
356,11.392,0.03999999999999998,-0.08000000000000002,0.3,66.2136763976498
357,11.424,-0.020000000000000018,-0.2,0.3,65.03116899664451
358,11.456,-0.1,-0.020000000000000018,0.3,66.14337812950937
359,11.488,-0.020000000000000018,0.08999999999999997,0.3,66.14994592112453
360,11.52,-0.05000000000000002,0.08000000000000002,0.3,66.40127177848636
361,11.552,-0.13,-0.09000000000000001,0.3,66.1250496571749
362,11.584,-0.18000000000000002,-0.2,0.3,72.86764557108731
363,11.616,0.06,0.2,0.3,65.43172413766767
364,11.648,-0.03,0.0,0.3,65.43700547627193
365,11.68,-0.13,0.07,0.3,66.31364580739569
366,11.712,0.16999999999999998,-0.07,0.3,65.4664428250214
367,11.744,-0.06,0.06,0.3,65.80581702323306
368,11.776,0.2,0.15000000000000002,0.3,66.77036712609743
369,11.808,-0.07,-0.06,0.3,65.59048166983672
370,11.84,-0.18000000000000002,0.08999999999999997,0.3,65.19929807755696
371,11.872,-0.1,0.19,0.3,66.40914667281632
372,11.904,-0.05000000000000002,-0.15000000000000002,0.3,66.59420604725167
373,11.936,0.04999999999999999,-0.08000000000000002,0.3,65.07377235095703
374,11.968,0.04999999999999999,-0.2,0.3,65.14932642034746
375,12.0,0.0,0.16999999999999998,0.3,66.5044971542223
376,12.032,-0.2,-0.07,0.3,65.87804252840175
377,12.064,0.14,0.19,0.3,65.86586455075228
378,12.096,0.10999999999999999,-0.15000000000000002,0.3,65.82482705525598
379,12.128,-0.19,-0.1,0.3,65.9673844899674
380,12.16,0.06,-0.16,0.3,66.01866690406504
381,12.192,-0.18000000000000002,0.16999999999999998,0.3,66.20624401070776
382,12.224,-0.19,0.14,0.3,69.24406528691152
383,12.256,-0.2,0.15999999999999998,0.3,66.38592124128914
384,12.288,-0.15000000000000002,-0.09000000000000001,0.3,66.65110424093976
385,12.32,0.10999999999999999,-0.12000000000000001,0.3,65.47714383688238
386,12.352,-0.13,0.18,0.3,65.63291447681183
387,12.384,0.19,-0.2,0.3,66.88563786231188
388,12.416,0.03,-0.2,0.3,65.95291531477669
389,12.448,0.03999999999999998,0.03,0.3,65.28623017444839
390,12.48,0.14,-0.03,0.3,65.14120369688192
391,12.512,0.009999999999999981,-0.06,0.3,65.69488339357858
392,12.544,0.08000000000000002,-0.07,0.3,66.23168175457167
393,12.576,0.15000000000000002,0.15999999999999998,0.3,65.41840304596516
394,12.608,-0.17,-0.07,0.3,65.8213601567111
395,12.64,0.18,-0.17,0.3,66.38268357304742
396,12.672,0.04999999999999999,0.01999999999999999,0.3,66.03134608257858
397,12.704,0.04999999999999999,0.03,0.3,67.01092810303378
398,12.736,0.07,0.04999999999999999,0.3,66.96787159384215
399,12.768,0.07,0.03999999999999998,0.3,66.77132927066937
400,12.8,0.16999999999999998,-0.16,0.3,65.74190679643893
401,12.832,0.03,0.01999999999999999,0.3,66.48599793613846
402,12.864,0.01999999999999999,-0.010000000000000009,0.3,65.72776444365485
403,12.896,0.07,0.03,0.3,67.21878066113239
404,12.928,0.19,-0.14,0.3,66.33911202173529
405,12.96,0.10999999999999999,0.16999999999999998,0.3,65.82580482804671
406,12.992,0.08000000000000002,-0.020000000000000018,0.3,66.5243913271863
407,13.024,0.03,-0.16,0.3,65.60749817693684
408,13.056,0.06,0.03,0.3,67.19852814150644
409,13.088,0.07,0.04999999999999999,0.3,70.06741884367612
410,13.12,0.07,0.03999999999999998,0.3,77.22618087463053
411,13.152,0.18,-0.18000000000000002,0.3,68.26881827542857
412,13.184,0.08999999999999997,-0.18000000000000002,0.3,65.09918620072729
413,13.216,0.0,-0.05000000000000002,0.3,65.15164863803237
414,13.248,0.07,0.03,0.3,69.97796415985346
415,13.28,0.04999999999999999,0.03,0.3,68.41183595337215
416,13.312,0.04999999999999999,0.0,0.3,70.4294208670856
417,13.344,0.04999999999999999,-0.03,0.3,79.15814946474184
418,13.376,0.04999999999999999,-0.05000000000000002,0.3,73.33899768194661
419,13.408,0.06,-0.09000000000000001,0.3,73.57198617603572
420,13.44,0.14,-0.12000000000000001,0.3,67.38532785371335
421,13.472,0.12,-0.16,0.3,65.35603121043864
422,13.504,0.14,-0.16,0.3,65.75553726747745
423,13.536,0.18,-0.19,0.3,68.85081516554175
424,13.568,0.14,-0.2,0.3,67.72271737804601
425,13.6,-0.17,-0.2,0.3,69.52556759531606
426,13.632,-0.17,-0.2,0.3,69.55224876677019
427,13.664,0.16999999999999998,0.18,0.3,66.8428419359608
428,13.696,-0.08000000000000002,-0.15000000000000002,0.3,67.81806074656265
429,13.728,-0.07,-0.11000000000000001,0.3,78.46132489263064
430,13.76,0.03999999999999998,0.16999999999999998,0.3,74.9446468118848
431,13.792,0.15999999999999998,-0.2,0.3,68.9043977524855
432,13.824,0.19,-0.2,0.3,67.51411751909741
433,13.856,-0.2,-0.1,0.3,68.45855702207257
434,13.888,-0.19,-0.1,0.3,77.92965590108915
435,13.92,0.15000000000000002,-0.2,0.3,70.47876446502725
436,13.952,-0.16,0.2,0.3,70.29030833300672
437,13.984,-0.020000000000000018,-0.2,0.3,72.62706035342991
438,14.016,0.009999999999999981,-0.15000000000000002,0.3,69.7774476231533
439,14.048,0.19,-0.14,0.3,67.81069157719446
440,14.08,-0.11000000000000001,0.009999999999999981,0.3,66.22363361076091
441,14.112,-0.13,-0.18000000000000002,0.3,66.1389168943953
442,14.144,0.01999999999999999,-0.03,0.3,66.31928747851545
443,14.176,0.03999999999999998,-0.09000000000000001,0.3,66.74161606578036
444,14.208,0.10999999999999999,0.03999999999999998,0.3,67.03301737447218
445,14.24,-0.06,0.16999999999999998,0.3,66.05967544916639
446,14.272,-0.06,-0.19,0.3,65.02934538876099
447,14.304,0.10999999999999999,0.18,0.3,65.65815190309293
448,14.336,-0.05000000000000002,-0.11000000000000001,0.3,66.88124218085152
449,14.368,0.09999999999999998,-0.07,0.3,71.43464094232193
450,14.4,0.12,-0.07,0.3,70.89241264839158
451,14.432,0.13,0.2,0.3,69.28109277313881
452,14.464,0.08000000000000002,0.09999999999999998,0.3,65.9661885346662
453,14.496,0.15000000000000002,-0.11000000000000001,0.3,66.72470172535003
454,14.528,0.2,0.04999999999999999,0.3,67.51711116359144
455,14.56,0.13,-0.17,0.3,70.77901392678767
456,14.592,0.13,-0.17,0.3,72.25809028176782
457,14.624,0.15000000000000002,-0.19,0.3,75.58783319591511
458,14.656,0.13,0.2,0.3,72.08654708183016
459,14.688,-0.08000000000000002,0.08000000000000002,0.3,65.90377011880656
460,14.72,0.01999999999999999,0.0,0.3,67.64089242469987
